{
  "scene": "home_coffee_4",
  "frame_idx": 0,
  "cam2world": [
    [
      0.9998121786219166,
      0.01938059543194074,
      0.0,
      0.012479908598062615
    ],
    [
      0.010674517192032497,
      -0.5506803094353839,
      0.8346479805779601,
      -0.5121961411063058
    ],
    [
      0.01617597483966778,
      -0.8344912158440335,
      -0.5507837583999124,
      0.44665791803603877
    ],
    [
      0.0,
      0.0,
      0.0,
      1.0
    ]
  ],
  "image_shape_hw": [
    280,
    504
  ],
  "intrinsics": {
    "fx": 419.48358154296875,
    "fy": 414.140380859375,
    "cx": 252.0,
    "cy": 140.0
  },
  "world_up": [
    0.0,
    0.0,
    1.0
  ],
  "camera": {
    "position": [
      0.01248,
      -0.512196,
      0.446658
    ],
    "target": [
      0.01248,
      0.322452,
      -0.104126
    ],
    "up": [
      -0.019381,
      0.55068,
      0.834491
    ],
    "fov_y_deg": 37.3556,
    "aspect": 1.8
  }
}