{
  "scene": "Gemini_1",
  "frame_idx": 0,
  "cam2world": [
    [
      0.9999939266707484,
      -0.0034852003699121837,
      0.0,
      0.047330906394554464
    ],
    [
      -0.00128549725566871,
      -0.3688423367328561,
      0.9294910855571732,
      -1.2438689316446891
    ],
    [
      -0.0032394626752139362,
      -0.929485440451774,
      -0.36884457684741406,
      0.6099696288747412
    ],
    [
      0.0,
      0.0,
      0.0,
      1.0
    ]
  ],
  "image_shape_hw": [
    280,
    504
  ],
  "intrinsics": {
    "fx": 674.2962036132812,
    "fy": 673.0051879882812,
    "cx": 252.0,
    "cy": 140.0
  },
  "world_up": [
    0.0,
    0.0,
    1.0
  ],
  "camera": {
    "position": [
      0.047331,
      -1.243869,
      0.60997
    ],
    "target": [
      0.047331,
      -0.314378,
      0.241125
    ],
    "up": [
      0.003485,
      0.368842,
      0.929485
    ],
    "fov_y_deg": 23.5024,
    "aspect": 1.8
  }
}