{
  "scene": "nv_desk",
  "frame_idx": 10,
  "cam2world": [
    [
      0.9947324945119754,
      -0.10250494798780498,
      0.0,
      0.006992758739477496
    ],
    [
      -0.07147035030796489,
      -0.6935653472449417,
      0.7168396599853137,
      -0.6596983116750639
    ],
    [
      -0.0734796120623904,
      -0.7130637031423075,
      -0.6972380525130134,
      0.7492433946456507
    ],
    [
      0.0,
      0.0,
      0.0,
      1.0
    ]
  ],
  "image_shape_hw": [
    280,
    504
  ],
  "intrinsics": {
    "fx": 436.4428405761719,
    "fy": 426.132568359375,
    "cx": 252.0,
    "cy": 140.0
  },
  "world_up": [
    0.0,
    0.0,
    1.0
  ],
  "camera": {
    "position": [
      0.006993,
      -0.659698,
      0.749243
    ],
    "target": [
      0.006993,
      0.057141,
      0.052005
    ],
    "up": [
      0.102505,
      0.693565,
      0.713064
    ],
    "fov_y_deg": 36.3745,
    "aspect": 1.8
  }
}