{
  "scene": "OCID_2",
  "frame_idx": 0,
  "cam2world": [
    [
      0.9999402880421872,
      -0.010927961846001706,
      0.0,
      -0.00736630261777962
    ],
    [
      -0.007473438756487669,
      -0.6838413794025209,
      0.7295924311079511,
      -0.692419826624997
    ],
    [
      -0.00797295825027932,
      -0.7295488657154844,
      -0.6838822153485126,
      0.6290354411207888
    ],
    [
      0.0,
      0.0,
      0.0,
      1.0
    ]
  ],
  "image_shape_hw": [
    378,
    504
  ],
  "intrinsics": {
    "fx": 460.0945739746094,
    "fy": 458.2339172363281,
    "cx": 252.0,
    "cy": 189.0
  },
  "world_up": [
    0.0,
    0.0,
    1.0
  ],
  "camera": {
    "position": [
      -0.007366,
      -0.69242,
      0.629035
    ],
    "target": [
      -0.007366,
      0.037173,
      -0.054847
    ],
    "up": [
      0.010928,
      0.683841,
      0.729549
    ],
    "fov_y_deg": 44.8277,
    "aspect": 1.333333
  }
}