{
  "scene": "bathroom_1",
  "frame_idx": 0,
  "cam2world": [
    [
      0.9998832108779342,
      0.01528282056534861,
      0.0,
      -0.0646807752446485
    ],
    [
      0.008091755609668582,
      -0.529405586229259,
      0.8483302710385903,
      -0.47133375686708334
    ],
    [
      0.012964879312436329,
      -0.8482311952910139,
      -0.5294674222646678,
      0.3779962539654859
    ],
    [
      0.0,
      0.0,
      0.0,
      1.0
    ]
  ],
  "image_shape_hw": [
    280,
    504
  ],
  "intrinsics": {
    "fx": 410.9063720703125,
    "fy": 405.0401306152344,
    "cx": 252.0,
    "cy": 140.0
  },
  "world_up": [
    0.0,
    0.0,
    1.0
  ],
  "camera": {
    "position": [
      -0.064681,
      -0.471334,
      0.377996
    ],
    "target": [
      -0.064681,
      0.376997,
      -0.151471
    ],
    "up": [
      -0.015283,
      0.529406,
      0.848231
    ],
    "fov_y_deg": 38.1349,
    "aspect": 1.8
  }
}